{
  "name": "bootstrap-sass",
  "homepage": "https://github.com/twbs/bootstrap-sass",
  "authors": [
    "Thomas McDonald",
    "Tristan Harward",
    "Peter Gumeson",
    "Gleb Mazovetskiy"
  ],
  "description": "bootstrap-sass is a Sass-powered version of Bootstrap 3, ready to drop right into your Sass powered applications.",
  "moduleType": "globals",
  "main": [
    "assets/stylesheets/_bootstrap.scss",
    "assets/javascripts/bootstrap.js"
  ],
  "keywords": [
    "twbs",
    "bootstrap",
    "sass"
  ],
  "license": "MIT",
  "ignore": [
    "**/.*",
    "lib",
    "tasks",
    "templates",
    "test",
    "*.gemspec",
    "Rakefile",
    "Gemfile"
  ],
  "dependencies": {
    "jquery": ">= 1.9.0"
  },
  "version": "3.3.6",
  "_release": "3.3.6",
  "_resolution": {
    "type": "version",
    "tag": "v3.3.6",
    "commit": "7d7cc02b968b50ea53b0f2e59906b4b7f3fbcf0e"
  },
  "_source": "https://github.com/twbs/bootstrap-sass.git",
  "_target": "~3.3.6",
  "_originalSource": "bootstrap-sass"
}